<?xml version="1.0" encoding="UTF-8"?>
<configuration debug="true" scan="true" scanPeriod="10 seconds">
    <include resource="org/springframework/boot/logging/logback/base.xml"/>
    <logger name="guru.springframework.controllers" level="WARN" additivity="false">
        <appender-ref ref="CONSOLE"/>
        <appender-ref ref="FILE"/>
    </logger>
    <logger name="guru.springframework.helpers" level="WARN" additivity="false">
        <appender-ref ref="CONSOLE"/>
        <appender-ref ref="FILE"/>
    </logger>
 </configuration>